{
    "best_reg": 0.001,
    "best_auc": 0.9166666666666667,
    "test_auc": 0.6844916957579605
}